"BehaviorSpace results (NetLogo 6.4.0)","Stats version 2.0"
"HIV-thesis-feb-24-3-55-pm.nlogo"
"Base experiment"
"02/24/2024 22:20:12:595 +0800"
"min-pxcor","max-pxcor","min-pycor","max-pycor"
"-12","12","-12","12"
"average-coupling-tendency","average-drug-tendency","average-test-frequency","average-condom-use","initial-people","average-treatment-tendency","average-commitment","[step]","(mean) count turtles with [treated?]","(std) count turtles with [treated?]","(mean) count turtles with [infected?]","(std) count turtles with [infected?]","(mean) count turtles with [drugs?]","(std) count turtles with [drugs?]","(mean) count turtles with [known?]","(std) count turtles with [known?]","(mean) count turtles with [infected? and not known?]","(std) count turtles with [infected? and not known?]","(mean) count turtles with [gender = 1 and infected?]","(std) count turtles with [gender = 1 and infected?]","(mean) count turtles with [shape = ""person lefty"" and infected?]","(std) count turtles with [shape = ""person lefty"" and infected?]","(mean) count turtles with [shape = ""person righty"" and infected?]","(std) count turtles with [shape = ""person righty"" and infected?]","(mean) count turtles with [infected? and drugs?]","(std) count turtles with [infected? and drugs?]","(mean) count turtles with [gender = 1]","(std) count turtles with [gender = 1]","(mean) count turtles with [gender = 0]","(std) count turtles with [gender = 0]","(mean) count turtles with [shape = ""person lefty""]","(std) count turtles with [shape = ""person lefty""]","(mean) count turtles with [shape = ""person righty""]","(std) count turtles with [shape = ""person righty""]"
"3","1","1","4","5000","4","523","0","0","0","400","0","63","0","0","0","400","0","200.48","10.253272648281621","101.72","8.478301716735492","97.8","7.8281543163123715","0","0","2508.68","36.832290181306945","2491.32","36.832290181306945","1254.48","31.207845167521583","1236.84","36.45235794842359"
"3","1","1","4","5000","4","523","365","101.36","8.014387063275644","587.28","10.207918494972416","63","0","144.36","11.767344645246014","442.92","16.12679757422409","265.08","8.840452477107721","132.84","9.477045953249355","189.36","9.653517493639301","12.12","1.3948476619330155","2508.68","36.832290181306945","2491.32","36.832290181306945","1254.48","31.207845167521583","1236.84","36.45235794842359"
"3","1","1","4","5000","4","523","730","205.6","11.200000000000001","798.8","22.123290894439734","63","0","337.44","20.394273706116625","461.36","28.203375684481458","355.32","10.306192313361905","178.92","11.110067506545585","264.56","14.996212855251157","14.44","1.7906423428479512","2508.68","36.832290181306945","2491.32","36.832290181306945","1254.48","31.207845167521583","1236.84","36.45235794842358"
"3","1","1","4","5000","4","523","1095","310.76","8.12541691238056","962.32","29.899458189070923","63","0","552.2","19.73220717507294","410.12","30.633733040555143","430.2","12.076423311560424","218.52","13.983189907885826","313.6","17.774138516395105","16.84","2.110544953323667","2508.68","36.832290181306945","2491.32","36.832290181306945","1254.48","31.207845167521583","1236.84","36.45235794842358"
"3","1","1","4","5000","4","523","1460","505.12","5.659116538824767","1122.6","37.96314001765397","63","0","853.28","23.169842468174014","269.32","28.552716158012007","501.96","11.653257055433043","255.48","15.518041113491098","365.16","20.681740739115746","18.8","2.227105745132009","2508.68","36.832290181306945","2491.32","36.832290181306945","1254.48","31.207845167521583","1236.84","36.45235794842358"
"3","1","1","4","5000","4","523","1825","589.96","10.405690750738273","1360.72","55.589581757735864","63","0","1120.64","39.06699886093121","240.08","29.34064757294903","607.48","18.817268664713275","307.6","18.984203960134856","445.64","26.21279077091945","21.68","2.493511580081392","2508.68","36.832290181306945","2491.32","36.832290181306945","1254.48","31.207845167521583","1236.84","36.45235794842358"
"3","1","1","4","5000","4","523","2190","806.52","22.396642605533536","1600.88","66.61790750241259","63","0","1464.96","59.70492776982483","135.92","19.575331414819004","712.72","23.389775544027778","360.76","20.04051895535642","527.4","31.849646779831016","24.2","2.3664319132398464","2508.68","36.832290181306945","2491.32","36.832290181306945","1254.48","31.207845167521583","1236.84","36.45235794842358"
"3","1","1","4","5000","4","523","2555","1019","34.337151891209615","1813.08","73.89393479846638","63","0","1724","70.15297570310186","89.08","16.859228926614644","808.6","26.761165893884368","407.64","23.659044782070136","596.84","34.05957134198844","26.24","3.0890775322092514","2508.68","36.832290181306945","2491.32","36.832290181306945","1254.48","31.207845167521583","1236.84","36.45235794842358"
"3","1","1","4","5000","4","523","2920","1156.08","42.13019819559362","2080.4","88.11356308764276","63","0","2008.8","84.63663509379374","71.6","13.801449199268895","928.88","32.21840467807182","471.24","25.80430971756462","680.28","41.65431070129477","29.2","3.212475680841802","2508.68","36.832290181306945","2491.32","36.832290181306945","1254.48","31.207845167521583","1236.84","36.45235794842358"
"3","1","1","4","5000","4","523","3285","1382.88","56.621070283066885","2349.32","97.48793566385537","63","0","2298.44","98.31991863300132","50.88","11.476306025895266","1054.04","37.66003717470284","533.92","29.044682818030566","761.36","45.08470250539533","32.28","3.2560098279949945","2508.68","36.832290181306945","2491.32","36.832290181306945","1254.48","31.207845167521583","1236.84","36.45235794842358"
"3","1","1","4","5000","4","523","3650","1644.8","68.36841375957175","2587.2","105.73249264062585","63","0","2556.32","105.24171036238437","30.88","7.752780146502286","1166.04","40.93163080064121","588.64","32.46275404213265","832.52","47.552177657810795","34.52","3.817014540187134","2508.68","36.832290181306945","2491.32","36.832290181306945","1254.48","31.207845167521583","1236.84","36.45235794842358"
"3","1","1","4","5000","4","523","4015","1861","75.42519472961273","2839.4","111.93891191181018","63","0","2818.28","111.15161537287705","21.12","6.1339709813464225","1287.48","42.245113326868946","646.44","32.54790930305663","905.48","48.7254512549653","37.56","3.7850231174987563","2508.68","36.832290181306945","2491.32","36.832290181306945","1254.48","31.207845167521583","1236.84","36.45235794842358"
"3","1","1","4","5000","4","523","4380","2114.72","88.26755689379875","3077.96","111.40645582729934","63","0","3061.64","111.34195256056901","16.32","6.76886992045201","1406.84","46.76809168653347","703.48","32.48029556515765","967.64","47.338677632565954","40.32","3.133304964410582","2508.68","36.832290181306945","2491.32","36.832290181306945","1254.48","31.207845167521583","1236.84","36.45235794842358"
"3","1","1","4","5000","4","523","4745","2390.32","97.71211593246765","3285.72","107.09828009823501","63","0","3271.84","107.96432003212912","13.88","4.245656604107308","1508.64","44.92115759861938","755.16","32.96019417418532","1021.92","46.03817546341297","43","2.925747767665559","2508.68","36.832290181306945","2491.32","36.832290181306945","1254.48","31.207845167521583","1236.84","36.45235794842358"
"3","1","1","4","5000","4","523","5110","2634.96","106.86757412798327","3476.48","104.79012167184463","63","0","3465.2","104.93578989077082","11.28","4.431884475028653","1606.44","40.757899847759575","803.2","33.71409200912876","1066.84","46.49273491632859","45.2","2.9799328851502676","2508.68","36.832290181306945","2491.32","36.832290181306945","1254.48","31.207845167521583","1236.84","36.45235794842358"
"3","1","1","4","5000","4","523","5475","2874.64","112.02888199031534","3643.2","103.74507217212778","63","0","3632.92","104.09761572677829","10.28","2.705845524046042","1693.64","43.463897662312796","846.72","32.587752300519284","1102.84","44.55709146701566","47.28","2.7058455240460417","2508.68","36.832290181306945","2491.32","36.832290181306945","1254.48","31.207845167521583","1236.84","36.45235794842358"
"3","1","1","4","5000","4","523","5840","3112.16","113.16171790848705","3788.88","96.22944247993956","63","0","3780.48","96.86820737476253","8.4","2.870540018881465","1769.4","40.438595425657404","886.28","32.05560169455566","1133.2","43.81506590203877","48.8","2.7568097504180438","2508.68","36.832290181306945","2491.32","36.832290181306945","1254.48","31.207845167521583","1236.84","36.45235794842358"
"3","1","1","4","5000","4","523","6205","3321.08","108.53604746811078","3916.68","93.06458832445345","63","0","3909.64","93.8180707539864","7.04","3.0394736386420593","1840.72","41.887964858656","919.56","31.557034081168023","1156.4","43.105452091353825","50.4","2.6683328128252666","2508.68","36.832290181306945","2491.32","36.832290181306945","1254.48","31.207845167521583","1236.84","36.45235794842358"
"3","1","1","4","5000","4","523","6570","3502.36","102.59391015065174","4030.84","90.29670204387313","63","0","4024.84","91.16125492773782","6","2.513961017995307","1903.24","42.25283895787359","951.8","33.48432469081615","1175.8","41.47288270665544","51.48","2.4677114904299486","2508.68","36.832290181306945","2491.32","36.832290181306945","1254.48","31.207845167521583","1236.84","36.45235794842358"
"3","1","1","4","5000","4","523","6935","3666.36","102.52721784970078","4125.6","85.40398117184","63","0","4119.68","85.544243523454","5.92","1.8312837027615356","1957.24","41.893464884155854","978.48","33.40433504801435","1189.88","39.58112681569336","52.6","2.6532998322843198","2508.68","36.832290181306945","2491.32","36.832290181306945","1254.48","31.207845167521583","1236.84","36.45235794842358"
"3","1","1","4","5000","4","523","7300","3811.44","94.20916303629917","4212.84","80.73446847536682","63","0","4207.88","80.91344511266345","4.96","2.599692289483507","2008.4","39.66257681996973","1003.24","32.43489478940852","1201.2","39.30292609971934","53.84","2.309632005320328","2508.68","36.832290181306945","2491.32","36.832290181306945","1254.48","31.207845167521583","1236.84","36.45235794842358"
"3","1","1","4","5000","4","523","7665","3935.16","92.06592420651627","4289.64","77.03291763914956","63","0","4285.8","76.88797045051976","3.84","2.1294130646729865","2054.8","37.514797080618735","1025.08","31.9448524804858","1209.76","39.16557672242297","54.6","2.3832750575625967","2508.68","36.832290181306945","2491.32","36.832290181306945","1254.48","31.207845167521583","1236.84","36.45235794842358"
"3","1","1","4","5000","4","523","8030","4046.76","88.19309723555466","4358.2","70.57251589677102","63","0","4354.24","70.63272895761567","3.96","2.1813757127097566","2097.12","35.045479023691485","1044.92","30.93983839647518","1216.16","38.071175448099844","55.68","2.3103246525109844","2508.68","36.832290181306945","2491.32","36.832290181306945","1254.48","31.207845167521583","1236.84","36.45235794842358"
"3","1","1","4","5000","4","523","8395","4140.88","83.76171918006459","4415.16","66.96009557938221","63","0","4411.52","67.46146752035564","3.64","1.8084247288731699","2132.32","34.440348430293206","1061.84","31.0814156691744","1221","37.815340802378074","56.28","2.506312031651286","2508.68","36.832290181306945","2491.32","36.832290181306945","1254.48","31.207845167521583","1236.84","36.45235794842358"
"3","1","1","4","5000","4","523","8760","4226.24","80.13203104876351","4466.44","62.36863314198894","63","0","4463.04","62.5904018200874","3.4","1.743559577416269","2163.84","31.89442584527899","1077.96","30.342682808215887","1224.64","37.46879234776589","56.92","2.4644674881198987","2508.68","36.832290181306945","2491.32","36.832290181306945","1254.48","31.207845167521583","1236.84","36.45235794842358"
"3","1","1","4","5000","4","523","9125","4301.88","76.95833678036448","4511.32","58.46962972347269","63","0","4507.84","59.199108101389506","3.48","2.1376622745419818","2192.24","31.49892696585076","1091.44","29.130163061678864","1227.64","37.69018970501475","57.36","2.2249494376277403","2508.68","36.832290181306945","2491.32","36.832290181306945","1254.48","31.207845167521583","1236.84","36.45235794842358"
"3","1","1","4","5000","4","523","9490","4367.96","69.59280422572438","4556.84","54.42769883065056","63","0","4554.12","54.62843215762283","2.72","1.661806246227279","2221.04","29.476064866260558","1105.88","28.458137676242977","1229.92","37.47523982578363","57.92","2.0769207977195467","2508.68","36.832290181306945","2491.32","36.832290181306945","1254.48","31.207845167521583","1236.84","36.45235794842358"
"3","1","1","4","5000","4","523","9855","4424.56","66.3361620837383","4594.12","52.65610695826268","63","0","4591.68","52.87549148707746","2.44","1.298614646459834","2244.72","28.156022446361277","1117.96","27.54121275470635","1231.44","37.3513908710238","58.28","2.0692027450204105","2508.68","36.832290181306945","2491.32","36.832290181306945","1254.48","31.207845167521583","1236.84","36.45235794842358"
"3","1","1","4","5000","4","523","10220","4474.88","61.29360162366053","4630.88","50.312082047953446","63","0","4628.96","50.188030445515594","1.92","0.9765244492586962","2268.32","26.85028119033393","1129.4","26.965162710430658","1233.16","37.255528448808775","58.72","2.107510379571119","2508.68","36.832290181306945","2491.32","36.832290181306945","1254.48","31.207845167521583","1236.84","36.45235794842358"
"3","1","1","4","5000","4","523","10585","4519.28","57.34005231947386","4663.44","46.795794682855856","63","0","4661.52","47.043911402008234","1.92","1.2302845199383756","2289.52","26.554276491744226","1139.72","26.76941538397878","1234.2","37.141890097301186","58.88","1.924993506482554","2508.68","36.832290181306945","2491.32","36.832290181306945","1254.48","31.207845167521583","1236.84","36.45235794842358"
"3","1","1","4","5000","4","523","10950","4562.92","54.45873300031869","4690.56","43.269462672882824","63","0","4688.88","43.723970542483904","1.68","1.3181805642627267","2306.24","26.839195218933078","1149.44","26.41072509417339","1234.88","36.86659192276932","59.32","1.9124852940611075","2508.68","36.832290181306945","2491.32","36.832290181306945","1254.48","31.207845167521583","1236.84","36.45235794842358"
"3","1","1","4","5000","4","523","11315","4600.52","51.96315617819996","4717.6","41.0687228922449","63","0","4716.32","41.15601535620279","1.28","0.8255906976220116","2323.64","26.83561812218977","1158.4","25.79302231224561","1235.56","36.79573888373489","59.6","1.8973665961010275","2508.68","36.832290181306945","2491.32","36.832290181306945","1254.48","31.207845167521583","1236.84","36.45235794842358"
"3","1","1","4","5000","4","523","11680","4636.16","49.82503788257466","4743.72","38.534680483948485","63","0","4742.16","38.56908606643409","1.56","1.1341957503006261","2340.04","27.499061802177902","1167.84","25.640093603573295","1235.84","36.708233408868914","59.76","1.7499714283381889","2508.68","36.832290181306945","2491.32","36.832290181306945","1254.48","31.207845167521583","1236.84","36.45235794842358"
"3","1","1","4","5000","4","523","12045","4667.64","46.449008600830226","4765.24","35.29450948802094","63","0","4763.8","35.64267105591274","1.44","0.9414881836751855","2354.16","26.79504431793313","1175.04","26.051456773086603","1236.04","36.561706743531545","60","1.469693845669907","2508.68","36.832290181306945","2491.32","36.832290181306945","1254.48","31.207845167521583","1236.84","36.45235794842358"
"3","1","1","4","5000","4","523","12410","4695.6","42.80747598258977","4784.68","32.81307056646787","63","0","4783.52","33.260330725956415","1.16","1.046135746449762","2367.12","27.109142369318878","1181.36","26.77294156419873","1236.2","36.45600087777046","60.24","1.3646977687385584","2508.68","36.832290181306945","2491.32","36.832290181306945","1254.48","31.207845167521583","1236.84","36.45235794842358"
"3","1","1","4","5000","4","523","12775","4722.32","40.82030867105245","4803.44","31.08836438283623","63","0","4802.2","31.562002471326178","1.24","0.9911609354691097","2379.12","27.352981555947427","1187.92","26.452856178492336","1236.4","36.51191586318088","60.4","1.296148139681572","2508.68","36.832290181306945","2491.32","36.832290181306945","1254.48","31.207845167521583","1236.84","36.45235794842358"
"3","1","1","4","5000","4","523","13140","4747.64","38.136470733406895","4820.28","28.503361205303495","63","0","4819.12","28.532535814399672","1.16","1.1892854997854805","2389.92","28.540385421363887","1193.76","27.21952240580279","1236.6","36.38021440288663","60.68","1.2237646832622684","2508.68","36.832290181306945","2491.32","36.832290181306945","1254.48","31.207845167521583","1236.84","36.45235794842358"
"3","1","1","4","5000","4","523","13505","4768.36","34.707785870032104","4836.16","27.73110888514919","63","0","4834.92","27.948409614860022","1.24","1.1757550765359257","2400.28","28.65731320274111","1199.16","27.50807881332319","1236.72","36.517962703305336","60.8","1.2649110640673515","2508.68","36.832290181306945","2491.32","36.832290181306945","1254.48","31.207845167521583","1236.84","36.45235794842358"
"3","1","1","4","5000","4","523","13870","4787.16","32.78375207324507","4849.84","27.00322943649519","63","0","4848.6","27.40510901273702","1.24","1.304760514424007","2409.72","28.742331151108814","1203.32","28.234333709156303","1236.8","36.49657518178932","61.04","1.28","2508.68","36.832290181306945","2491.32","36.832290181306945","1254.48","31.207845167521583","1236.84","36.45235794842358"
"3","1","1","4","5000","4","523","14235","4806.2","30.54439392098","4862.16","25.29929643290501","63","0","4860.92","25.584245152046215","1.24","1.068831137270991","2417.56","29.34222895418819","1207.8","27.938503896951964","1236.8","36.49657518178932","61.08","1.2302845199383756","2508.68","36.832290181306945","2491.32","36.832290181306945","1254.48","31.207845167521583","1236.84","36.45235794842358"
"3","1","1","4","5000","4","523","14600","4822.92","28.541786909722386","4874.04","23.939055954652847","63","0","4873.28","24.219859619741815","0.76","0.7088018058667741","2425.48","29.913368248995297","1211.72","28.569242202060597","1236.84","36.45235794842358","61.28","1.1838918869558996","2508.68","36.832290181306945","2491.32","36.832290181306945","1254.48","31.207845167521583","1236.84","36.45235794842358"
"3","1","1","4","5000","4","523","14965","4838.16","27.181876314927198","4884.92","21.959817849882093","63","0","4884.2","22.193692797729714","0.72","0.7222188034107115","2433.08","30.33403369154851","1215","28.847183571364468","1236.84","36.45235794842358","61.32","1.1214276615100947","2508.68","36.832290181306945","2491.32","36.832290181306945","1254.48","31.207845167521583","1236.84","36.45235794842358"
"3","1","1","4","5000","4","523","15330","4851.92","26.808834364813404","4895.16","21.24651500834902","63","0","4894.52","21.397420405273156","0.64","0.6858571279792897","2439.76","29.75268727358926","1218.56","29.254852588929584","1236.84","36.45235794842358","61.48","1.0244998779892558","2508.68","36.832290181306945","2491.32","36.832290181306945","1254.48","31.207845167521583","1236.84","36.45235794842358"
"3","1","1","4","5000","4","523","15695","4864.44","24.83558736974022","4903.64","20.289662392459867","63","0","4903.16","20.247824574506765","0.48","0.7547184905645282","2445.44","30.421150537085214","1221.36","29.860850624186845","1236.84","36.45235794842358","61.6","0.9797958971132714","2508.68","36.832290181306945","2491.32","36.832290181306945","1254.48","31.207845167521583","1236.84","36.45235794842358"
"3","1","1","4","5000","4","523","16060","4875.84","23.197724026291894","4910.96","19.771656480932496","63","0","4910.44","19.95811614356425","0.52","0.8059776671843955","2450.64","30.934614915980447","1223.48","29.548766471715872","1236.84","36.45235794842358","61.72","1.0007996802557446","2508.68","36.832290181306945","2491.32","36.832290181306945","1254.48","31.207845167521583","1236.84","36.45235794842358"
"3","1","1","4","5000","4","523","16425","4886.64","21.842856955993653","4918.36","18.61801278332358","63","0","4917.88","18.858038073988507","0.48","0.7547184905645282","2455.44","30.735100455342582","1226.08","29.61205160065745","1236.84","36.45235794842358","61.84","0.9666436778875654","2508.68","36.832290181306945","2491.32","36.832290181306945","1254.48","31.207845167521583","1236.84","36.45235794842358"
"3","1","1","4","5000","4","523","16790","4896.36","20.958778590366382","4924.96","18.476969448478282","63","0","4924.68","18.60262347089786","0.28","0.530659966456864","2459.88","30.6115272405674","1228.24","29.444564863485414","1236.84","36.45235794842358","62","0.938083151964686","2508.68","36.832290181306945","2491.32","36.832290181306945","1254.48","31.207845167521583","1236.84","36.45235794842358"
"3","1","1","4","5000","4","523","17155","4904.88","20.422184016407257","4932.04","16.793998928188604","63","0","4931.76","16.997129169362694","0.28","0.44899888641287294","2464","31.39808911382984","1231.2","29.609457948432627","1236.84","36.45235794842358","62.04","0.9156418513807677","2508.68","36.832290181306945","2491.32","36.832290181306945","1254.48","31.207845167521583","1236.84","36.45235794842358"
"3","1","1","4","5000","4","523","17520","4911.88","19.46549768179586","4937.8","16.10217376629628","63","0","4937.6","16.2628410802049","0.2","0.48989794855663565","2467.76","31.90520960595621","1233.2","29.65400478856102","1236.84","36.45235794842358","62.04","0.9156418513807677","2508.68","36.832290181306945","2491.32","36.832290181306945","1254.48","31.207845167521583","1236.84","36.45235794842358"
"3","1","1","4","5000","4","523","17885","4919.28","18.89660286929902","4943.24","14.624035010899012","63","0","4942.84","14.74497880635981","0.4","0.5656854249492381","2471","32.027488193737575","1235.4","29.62701469942593","1236.84","36.45235794842358","62.08","0.8447484832777149","2508.68","36.832290181306945","2491.32","36.832290181306945","1254.48","31.207845167521583","1236.84","36.45235794842358"
"3","1","1","4","5000","4","523","18250","4926.08","18.529803021079314","4947.48","13.179135024727533","63","0","4947.08","13.196726866916663","0.4","0.5656854249492381","2473.88","32.35839303797393","1236.76","29.73654990075345","1236.84","36.45235794842358","62.12","0.8634813257969159","2508.68","36.832290181306945","2491.32","36.832290181306945","1254.48","31.207845167521583","1236.84","36.45235794842358"
"3","1","1","4","5000","4","523","18615","4933","17.003529045465825","4951.48","12.624167299271662","63","0","4951","12.46113959475617","0.48","0.699714227381436","2476.48","32.55901718418417","1238.16","29.49668455945515","1236.84","36.45235794842358","62.16","0.8333066662399864","2508.68","36.832290181306945","2491.32","36.832290181306945","1254.48","31.207845167521583","1236.84","36.45235794842358"
"3","1","1","4","5000","4","523","18980","4938.68","15.706610073469067","4955.56","11.203856478909392","63","0","4955.08","11.171105585393061","0.48","0.8059776671843952","2479","32.7414110874898","1239.72","29.649310278655722","1236.84","36.45235794842358","62.28","0.7756287771866125","2508.68","36.832290181306945","2491.32","36.832290181306945","1254.48","31.207845167521583","1236.84","36.45235794842358"
"3","1","1","4","5000","4","523","19345","4944.24","14.202197013138498","4959.4","10.392304845413262","63","0","4959.12","10.277431585761105","0.28","0.530659966456864","2481.52","33.27115267014354","1241.04","29.80399973157966","1236.84","36.45235794842358","62.32","0.6764613810115103","2508.68","36.832290181306945","2491.32","36.832290181306945","1254.48","31.207845167521583","1236.84","36.45235794842358"
"3","1","1","4","5000","4","523","19710","4948.08","13.007444022558778","4962.6","10.035935432235501","63","0","4962.44","10.016306704569303","0.16","0.36660605559646714","2483.64","33.558164431327285","1242.12","29.639595138935352","1236.84","36.45235794842358","62.36","0.6248199740725325","2508.68","36.832290181306945","2491.32","36.832290181306945","1254.48","31.207845167521583","1236.84","36.45235794842358"
"3","1","1","4","5000","4","523","20075","4952.12","12.672237371514157","4965.88","10.120553344555821","63","0","4965.76","10.195214563705857","0.12","0.3249615361854385","2485.88","33.65985145540604","1243.16","29.88200796465994","1236.84","36.45235794842358","62.44","0.5713142742834282","2508.68","36.832290181306945","2491.32","36.832290181306945","1254.48","31.207845167521583","1236.84","36.45235794842358"
"3","1","1","4","5000","4","523","20440","4956.12","10.908052071749568","4969.12","9.114033135774743","63","0","4968.88","9.056798551364604","0.24","0.42708313008125237","2487.76","34.009739781421445","1244.52","30.538002554194662","1236.84","36.45235794842358","62.52","0.5741080037762929","2508.68","36.832290181306945","2491.32","36.832290181306945","1254.48","31.207845167521583","1236.84","36.45235794842358"
"3","1","1","4","5000","4","523","20805","4959.96","10.436397846000315","4972","8.532291603080617","63","0","4971.88","8.510323143100972","0.12","0.32496153618543866","2489.84","34.54698829131131","1245.32","30.44302218900088","1236.84","36.45235794842358","62.64","0.557135531087365","2508.68","36.832290181306945","2491.32","36.832290181306945","1254.48","31.207845167521583","1236.84","36.45235794842358"
"3","1","1","4","5000","4","523","21170","4963.2","10.166612021711067","4974.12","7.875633307868011","63","0","4973.96","7.881522695520202","0.16","0.36660605559646703","2491.44","34.68611249477231","1245.84","30.70463157245174","1236.84","36.45235794842358","62.64","0.557135531087365","2508.68","36.832290181306945","2491.32","36.832290181306945","1254.48","31.207845167521583","1236.84","36.45235794842358"
"3","1","1","4","5000","4","523","21535","4966.44","9.583652748300096","4975.84","7.390155614058475","63","0","4975.64","7.620393690617303","0.2","0.48989794855663565","2492.4","34.90787876683429","1246.6","30.740201690945362","1236.84","36.45235794842358","62.64","0.557135531087365","2508.68","36.832290181306945","2491.32","36.832290181306945","1254.48","31.207845167521583","1236.84","36.45235794842358"
"3","1","1","4","5000","4","523","21900","4969.72","8.982293693706525","4977.52","6.870924246416926","63","0","4977.52","6.870924246416926","0","0","2493.4","35.18863452877932","1247.28","31.07863574869399","1236.84","36.45235794842358","62.64","0.557135531087365","2508.68","36.832290181306945","2491.32","36.832290181306945","1254.48","31.207845167521583","1236.84","36.45235794842358"
"3","1","1","4","5000","4","523","22265","4972.24","8.472449468719185","4979.28","6.434407509631327","63","0","4979.24","6.5132480376537165","0.04","0.19595917942265423","2494.88","35.2185405716932","1247.56","31.152630707534158","1236.84","36.45235794842358","62.64","0.557135531087365","2508.68","36.832290181306945","2491.32","36.832290181306945","1254.48","31.207845167521583","1236.84","36.45235794842358"
"3","1","1","4","5000","4","523","22630","4974.48","7.85936384194039","4981.04","5.936194066908529","63","0","4981.04","5.936194066908529","0","0","2495.92","35.29183474969812","1248.28","31.04257721259625","1236.84","36.45235794842358","62.64","0.557135531087365","2508.68","36.832290181306945","2491.32","36.832290181306945","1254.48","31.207845167521583","1236.84","36.45235794842358"
"3","1","1","4","5000","4","523","22995","4975.708333333333","6.760665442263964","4982.208333333333","5.492260969360027","63","0","4982.166666666667","5.497474167490213","0.041666666666666664","0.19982631347136337","2500.625","30.991682351882737","1248.75","31.74671899057707","1232.8333333333333","31.34972975251231","62.708333333333336","0.5384519993050034","2512.4583333333335","32.49997329058731","2487.5416666666665","32.49997329058731","1254.7083333333333","31.83090632109338","1232.8333333333333","31.34972975251231"
"3","1","1","4","5000","4","523","23360","4977.333333333333","6.374863832968425","4983.791666666667","5.2279630088804385","63","0","4983.791666666667","5.2279630088804385","0","0","2501.625","31.01721632147755","1249.3333333333333","31.97351334394698","1232.8333333333333","31.34972975251231","62.708333333333336","0.5384519993050034","2512.4583333333335","32.49997329058731","2487.5416666666665","32.49997329058731","1254.7083333333333","31.83090632109338","1232.8333333333333","31.34972975251231"
"3","1","1","4","5000","4","523","23725","4979.125","6.084902765588507","4985.416666666667","4.609018936341611","63","0","4985.333333333333","4.61579414137541","0.08333333333333333","0.27638539919628324","2502.7083333333335","31.228298019940542","1249.875","31.854241606626477","1232.8333333333333","31.34972975251231","62.75","0.4330127018922193","2512.4583333333335","32.49997329058731","2487.5416666666665","32.49997329058731","1254.7083333333333","31.83090632109338","1232.8333333333333","31.34972975251231"
"3","1","1","4","5000","4","523","24090","4980.833333333333","5.771096564393594","4986.541666666667","4.591470050236876","63","0","4986.458333333333","4.582386265788699","0.08333333333333333","0.27638539919628324","2503.5833333333335","30.917789737014232","1250.125","31.90652036287672","1232.8333333333333","31.34972975251231","62.791666666666664","0.40611643103370676","2512.4583333333335","32.49997329058731","2487.5416666666665","32.49997329058731","1254.7083333333333","31.83090632109338","1232.8333333333333","31.34972975251231"
"3","1","1","4","5000","4","523","24455","4982.541666666667","5.575087194136269","4987.708333333333","4.6679685683984165","63","0","4987.583333333333","4.689675421130502","0.125","0.33071891388307384","2504.4583333333335","30.91383073246594","1250.4166666666667","31.83147900358316","1232.8333333333333","31.34972975251231","62.791666666666664","0.40611643103370676","2512.4583333333335","32.49997329058731","2487.5416666666665","32.49997329058731","1254.7083333333333","31.83090632109338","1232.8333333333333","31.34972975251231"
"3","1","1","4","5000","4","523","24820","4984","5.267826876426369","4988.416666666667","4.618050334165805","63","0","4988.333333333333","4.6067583203617515","0.08333333333333333","0.27638539919628324","2504.875","31.059502705827946","1250.7083333333333","31.677383055142396","1232.8333333333333","31.34972975251231","62.791666666666664","0.40611643103370676","2512.4583333333335","32.49997329058731","2487.5416666666665","32.49997329058731","1254.7083333333333","31.83090632109338","1232.8333333333333","31.34972975251231"
"3","1","1","4","5000","4","523","25185","4985.666666666667","4.561310727801337","4989","4.222953153106642","63","0","4988.875","4.186411550082799","0.125","0.33071891388307384","2505.125","31.03131818555785","1251.0416666666667","31.487403786629063","1232.8333333333333","31.34972975251231","62.833333333333336","0.3726779962499649","2512.4583333333335","32.49997329058731","2487.5416666666665","32.49997329058731","1254.7083333333333","31.83090632109338","1232.8333333333333","31.34972975251231"
"3","1","1","4","5000","4","523","25550","4986.136363636364","4.288414143686287","4989.227272727273","3.7650524345234224","63","0","4989.136363636364","3.7330885889867576","0.09090909090909091","0.2874797872880344","2507.4545454545455","30.155245695818937","1249.3636363636363","32.047614369510555","1232.409090909091","31.934107003056223","62.81818181818182","0.38569460791993504","2514.4545454545455","31.462426758288387","2485.5454545454545","31.462426758288387","1253.1363636363637","32.597121254024664","1232.409090909091","31.934107003056223"
"3","1","1","4","5000","4","523","25915","4987.25","4.4483142874576656","4990.25","3.5053530492662217","63","0","4990.05","3.4420197558991443","0.2","0.5099019513592785","2509.5","31.302555806195763","1251.95","33.02343864590725","1228.8","31.23235501847403","62.9","0.3","2516","32.59601202601324","2484","32.59601202601324","1255.2","33.43291791034699","1228.8","31.23235501847403"
"3","1","1","4","5000","4","523","26280","4987.8","4.478839135311738","4991.4","3.5128336140500593","63","0","4991.35","3.5252659474144643","0.05","0.21794494717703364","2510.3","30.969501126107925","1252.3","33.24319479231802","1228.8","31.23235501847403","62.9","0.3","2516","32.59601202601324","2484","32.59601202601324","1255.2","33.43291791034699","1228.8","31.23235501847403"
"3","1","1","4","5000","4","523","26645","4988.4","4.091454509095756","4992","3.40587727318528","63","0","4991.95","3.427462618322774","0.05","0.21794494717703364","2510.75","31.059418861272984","1252.45","33.32937893210733","1228.8","31.23235501847403","62.9","0.3","2516","32.59601202601324","2484","32.59601202601324","1255.2","33.43291791034699","1228.8","31.23235501847403"
"3","1","1","4","5000","4","523","27010","4989.315789473684","3.5696473595396156","4993.0526315789475","2.9642374400692053","63","0","4992.8421052631575","3.04809099696216","0.21052631578947367","0.40768245749551757","2510.7368421052633","31.905851806547734","1253.0526315789473","34.2475103731498","1229.2631578947369","31.976705510275114","62.89473684210526","0.30689220499185793","2515.4210526315787","33.342427199043954","2484.5789473684213","33.342427199043954","1255.3157894736842","34.297541160262334","1229.2631578947369","31.976705510275114"
"3","1","1","4","5000","4","523","27375","4990","2.958039891549808","4993.25","2.5124689052802225","63","0","4993.125","2.6190408549696205","0.125","0.33071891388307384","2514.1875","33.17042875438905","1249.25","33.69254368551","1229.8125","28.171836002468847","62.875","0.33071891388307384","2518.75","34.47009573528916","2481.25","34.47009573528916","1251.4375","33.7860340044522","1229.8125","28.171836002468847"
"3","1","1","4","5000","4","523","27740","4991.3125","3.0561157945994126","4993.625","2.6427968139832467","63","0","4993.5625","2.6918569334197535","0.0625","0.24206145913796356","2514.5","33.352286278454734","1249.3125","33.63167916934865","1229.8125","28.171836002468847","62.875","0.33071891388307384","2518.75","34.47009573528916","2481.25","34.47009573528916","1251.4375","33.7860340044522","1229.8125","28.171836002468847"
"3","1","1","4","5000","4","523","28105","4991.384615384615","2.7883952246756705","4994","2.908872369413698","63","0","4993.923076923077","2.9210519301611577","0.07692307692307693","0.26646935501059654","2514.923076923077","35.53862803823801","1250.6153846153845","32.44056923890792","1228.4615384615386","29.552080193904832","62.92307692307692","0.2664693550105965","2519.3846153846152","36.770679083159266","2480.6153846153848","36.770679083159266","1252.1538461538462","32.65636032723924","1228.4615384615386","29.552080193904832"
"3","1","1","4","5000","4","523","28470","4991.916666666667","2.0999338613923584","4994","2.449489742783178","63","0","4994","2.449489742783178","0","0","2522.25","27.285909061882716","1243.5833333333333","21.933453647086427","1228.1666666666667","30.74040048896927","62.916666666666664","0.27638539919628335","2526.75","27.559405533017824","2473.25","27.559405533017824","1245.0833333333333","22.481319405724882","1228.1666666666667","30.74040048896927"
"3","1","1","4","5000","4","523","28835","4992.545454545455","2.104697618689132","4994.545454545455","2.147456692912312","63","0","4994.545454545455","2.147456692912312","0","0","2523.6363636363635","28.598387517394077","1242.7272727272727","22.715997202976137","1228.1818181818182","32.10725826130054","62.90909090909091","0.2874797872880344","2527.5454545454545","28.65266491291116","2472.4545454545455","28.65266491291116","1244.2727272727273","23.312466072472155","1228.1818181818182","32.10725826130054"
"3","1","1","4","5000","4","523","29200","4992.9","2.2561028345356955","4994.9","2.3000000000000003","63","0","4994.9","2.3000000000000003","0","0","2521.5","28.800173610587837","1245.4","22.14587997800042","1228","33.668976818430345","63","0","2525.1","28.935963782117227","2474.9","28.935963782117227","1246.9","22.844911906155385","1228","33.668976818430345"
"3","1","1","4","5000","4","523","29565","4992.75","2.436698586202241","4994.75","2.5860201081971503","63","0","4994.75","2.5860201081971503","0","0","2527.75","28.052406313897567","1244.25","24.422069936841964","1222.75","34.61484508126535","63","0","2531.625","28.133332099131096","2468.375","28.133332099131096","1245.625","25.25835257889952","1222.75","34.61484508126535"
"3","1","1","4","5000","4","523","29930","4993.4","2.5768197453450252","4995.6","2.33238075793812","63","0","4995.6","2.33238075793812","0","0","2522.8","27.650678111033734","1251.4","26.24957142507283","1221.4","31.569605635801025","63","0","2525.6","27.550680572356104","2474.4","27.550680572356104","1253","27.517267306184312","1221.4","31.569605635801025"
"3","1","1","4","5000","4","523","30295","4994","2.280350850198276","4996.2","2.039607805437114","63","0","4996.2","2.039607805437114","0","0","2523.2","27.90268804255246","1251.6","26.043041297052845","1221.4","31.569605635801025","63","0","2525.6","27.550680572356104","2474.4","27.550680572356104","1253","27.517267306184312","1221.4","31.569605635801025"
"3","1","1","4","5000","4","523","30660","4994.5","2.8722813232690143","4996.5","1.8027756377319946","63","0","4996.5","1.8027756377319946","0","0","2528.25","29.260681810238122","1247.5","27.37243138634199","1220.75","35.26595383652624","63","0","2530.75","28.568995432111365","2469.25","28.568995432111365","1248.5","29.073183520213263","1220.75","35.26595383652624"
"3","1","1","4","5000","4","523","31025","4993.333333333333","2.357022603955158","4995.666666666667","1.247219128924647","63","0","4995.666666666667","1.247219128924647","0","0","2521.6666666666665","31.116269413639905","1253","29.631064780058107","1221","40.718546143004666","63","0","2524.6666666666665","30.663043264200347","2475.3333333333335","30.663043264200347","1254.3333333333333","31.47838764754143","1221","40.718546143004666"
"3","1","1","4","5000","4","523","31390","4994","1.4142135623730951","4995.666666666667","1.247219128924647","63","0","4995.666666666667","1.247219128924647","0","0","2521.6666666666665","31.116269413639905","1253","29.631064780058107","1221","40.718546143004666","63","0","2524.6666666666665","30.663043264200347","2475.3333333333335","30.663043264200347","1254.3333333333333","31.47838764754143","1221","40.718546143004666"
"3","1","1","4","5000","4","523","31755","4994","N/A","4995","N/A","63","N/A","4995","N/A","0","N/A","2503.5","N/A","1267","N/A","1224.5","N/A","63","N/A","2506.5","N/A","2493.5","N/A","1269","N/A","1224.5","N/A"
